<?xml version="1.0" encoding="UTF-8" ?>
<scenario name="CALLEE SCENARIO">
 <recv request="INVITE">
 
<!-- Wait for INVITE from CALLER and extract info from header-->
<!-- we need to extract the Contact and the From header content --> 
<!-- assign the content of the Contaact SIP URI to the remote_contact variable -->

  <action>   
   <ereg regexp=".*" search_in="hdr" header="From" assign_to="remote_from"/>
   <ereg regexp="sip:(.*)>.*" search_in="hdr" header="Contact" assign_to="newcall,remote_contact"/>
  </action>

 </recv>

 <Reference variables="newcall"/>

 <send retrans="500">
  <![CDATA[
  SIP/2.0 200 OK
  [last_Via:]
  [last_From:]
  [last_To:];tag=[pid]SIPpTag01[call_number]
  [last_Call-ID:]
  [last_CSeq:]
  Contact: <sip:[local_ip]:[local_port];transport=[transport]>
  Content-Type: application/sdp
  Content-Length: [len]
  
  v=0
  o=user1 53655765 2353687637 IN IP[local_ip_type] [local_ip]
  s=-
  c=IN IP[media_ip_type] [media_ip]
  t=0 0
  m=audio [media_port] RTP/AVP 0
  a=rtpmap:0 PCMU/8000
  ]]>
 </send>

 <recv request="ACK" optional="true" crlf="true">
 </recv>

 <recv request="BYE" timeout="3000" ontimeout="send_bye">
 </recv>

 <send>
  <![CDATA[
  SIP/2.0 200 OK
  [last_Via:]
  [last_From:]
  [last_To:]
  [last_Call-ID:]
  [last_CSeq:]
  Contact: <sip:[local_ip]:[local_port];transport=[transport]>
  Content-Length: 0
  ]]>
 </send>
 
 <nop>
  <action>
   <exec int_cmd="stop_now"/>
  </action>
 </nop>

 <label id="send_bye"/>

 <send retrans="500">
  <![CDATA[
  BYE [$remote_contact] SIP/2.0
  Via: SIP/2.0/[transport] [local_ip]:[local_port]
  From: sipp  <sip:sipp@[local_ip]:[local_port]>;tag=[pid]SIPpTag01[call_number]
  To: [$remote_from]
  Call-ID: [call_id]
  Cseq: 2 BYE
  Contact: sip:sipp@[local_ip]:[local_port]
  Content-Length: 0
  ]]>
 </send>
    
 <recv response="200">
 </recv>	
</scenario>